{
  "version": 1,
  "author": "Aditya More",
  "editor": "wokwi",
  "parts": [
    { "type": "board-st-nucleo-c031c6", "id": "nucleo", "top": 0, "left": 0, "attrs": {} },
    { "type": "wokwi-gas-sensor", "id": "gas1", "top": 137.1, "left": -175.4, "attrs": {} },
    {
      "type": "wokwi-buzzer",
      "id": "bz1",
      "top": 50.4,
      "left": 289.8,
      "attrs": { "volume": "0.1" }
    }
  ],
  "connections": [
    [ "$serialMonitor:TX", "nucleo:PA3", "", [] ],
    [ "$serialMonitor:RX", "nucleo:PA2", "", [] ],
    [ "gas1:AOUT", "nucleo:A0", "green", [ "h0" ] ],
    [ "gas1:GND", "nucleo:GND.5", "black", [ "h0" ] ],
    [ "gas1:VCC", "nucleo:3V3.2", "red", [ "h0" ] ],
    [ "bz1:1", "nucleo:GND.9", "green", [ "v19.2", "h-96" ] ],
    [ "bz1:2", "nucleo:D8", "green", [ "v0" ] ]
  ],
  "dependencies": {}
}